"sort_order","name","address","tel","email","dir","filename","url"
"1","AMZ","東京都港区南青山1-15-16 山城ビル3階","03-5771-7701","","images/importers/","amz.png","http://www.amzwine.co.jp"
"2","AZUMA CORPORATION","〒102-0093 東京都千代田区平河町1-1-8 麹町市原ビル12階","03-5275-3333","info@azumacorp.jp","images/importers/","azuma.jpg","http://azumacorp.jp/"
"3","BERRY BROS & RUDD","〒100-0005 東京都千代田区丸の内三丁目1番1号　国際ビル2階","03-5220-5491","mail@bbr.co.jp","images/importers/","bbr.jpg","http://www.bbr.co.jp"
"4","DAIEI SANGYOU","18, 4-chome, Honjindori Nakamura-ku Nagoya 453-0041","+81-(0)52-482-7231","","images/importers/","daiei.png","http://daieisangyokaisha.com/"
"5","ESTATE WINES","〒651-0056 神戸市中央区熊内町4-8-4カナヤラルビル7F","078-777-6616","","images/importers/","estate_wines.jpg","http://www.estatewinesjapan.com/index.php"
"6","FUJI INDUSTRIES CO.,LTD.","兵庫県神戸市中央区明石町32番地","078-331-2521","","images/importers/","fic.jpg","http://www.ficjp.com"
"7","FINESSE","〒105-0004 東京都港区新橋6丁目7番3号アシスト新橋ビル","03-5777-1468","","images/importers/","finesse.jpg","http://www.finesse-wine.co.jp"
"8","Firadis","神奈川県横浜市中区桜木町１－１－７　TOCみなとみらい１２階","045-222-8871","info@firadis.co.jp","images/importers/","firadis.jpg","http://www.firadis.co.jp/home/index.html"
"9","FWINES","〒141-0031 東京都品川区西五反田7-20-9　KDX西五反田ビル2F","03-5745-2190","","images/importers/","fwines.jpg","http://www.fwines.co.jp/"
"10","Herrenberger Hof","〒567-0878 大阪府茨木市蔵垣内2-10-15","072-624-7540","h-hof@tia-net.com","images/importers/","herrenberger.jpg","http://www.tia-net.com/h-hof/"
"11","IZUMI TRADING","〒173-0004　東京都板橋区板橋1丁目12番8号","03-3964-2272","itc@izumitrading.co.jp","images/importers/","izumi.png","http://www.izumitrading.co.jp/"
"12","JEROBOAM","東京都港区南青山2丁目24番11号","03-5786-3280","","images/importers/","jeroboam.jpg","http://www.jeroboam.co.jp/"
"13","Yokohama KIMIJIMAYA","","","","images/importers/","kimijimaya.jpg","http://www.kimijimaya.co.jp/index.html"
"14","KAIGAI FINE WINES LTD.","〒105－0013 東京都港区浜松町1-22-8 深谷ビル1F","03-5777-2688","","images/importers/","kaigai_shuhan.png","http://www.shuhan.co.jp/top/index.html"
"15","KINOSHITA INTERNATIONAL","〒104-0042　東京都中央区入船1丁目2番2号","03-3553-0721","","images/importers/","kinoshita.jpg","http://www.kinoshita-intl.co.jp"
"16","kp Orchard","〒500-8285 岐阜県岐阜市南鶉6-77-2","058-268-6068","","images/importers/","kp-orchard.png","http://www.kp-orchard.com/index.html"
"17","Kyouwa-Kouzai","〒177-0052 東京都練馬区関町東 2-14-4","03-3929-8581","","images/importers/","kyowa.gif","http://www.kyowakozai.com/kz-wine/"
"18","LE VIN NATURE","〒106-0047 東京都港区南麻布2-13-16 太洋ハイツ301","03-6804-9616","info@le-vin-nature.net","images/importers/","le_vin_nature.jpg","http://www.le-vin-nature.net"
"19","LUC Corporation","〒107-0052 東京都港区赤坂3-2-12 赤坂ノアビル8階","03-3586-7501","","images/importers/","luc.png","http://www.luc-corp.co.jp/"
"20","Millésimes","〒101-0048 東京都千代田区神田司町2-13 神田第4アメレックスビル7階","03-3233-3801","","images/importers/","millesimes.jpg","http://www.millesimes.co.jp/"
"21","Mottox","〒577-0802 大阪府東大阪市小阪本町1丁目6番20号","06-6723-3131","","images/importers/","mottox.jpg","http://www.mottox-wine.jp/"
"22","ORCA INTERNATIONAL","〒116-0013 東京都荒川区西日暮里 5-2-19 9F","03-3803-1635","","images/importers/","orca.png","http://www.orca-international.com/?lang=JP"
"23","RAFFINE","〒154-0024 東京都世田谷区 三軒茶屋2-13-20 ｸﾞﾗﾝﾄﾞﾒｿﾞﾝ三軒茶屋505","03-5779-0127","info@raffinewine.com","images/importers/","raffine.jpg","https://www.facebook.com/raffinewine"
"24","SMILE","東京都江東区潮見二丁目8番10号 潮見SIFビル4F","","","images/importers/","smile.png","http://www.smilecorp.co.jp/wine/"
"25","Southern Cross","188-0011　東京都西東京市田無町7-18-22-402","042-497-6002","","images/importers/","southern_cross.jpg","http://www.southerncrossltd-wine.com/"
"26","TERRAVERT","〒107-0052 東京都港区赤坂4丁目1番31号アカネビル７階","03-3568-2415","","images/importers/","terra_vert.jpg","http://www.terravert.co.jp/index.php"
"27","The Vine","〒150-0021 東京都渋谷区恵比寿西1-31-16-401","03-5458-6983","info@thevineltd.com","images/importers/","the_vine.jpg","http://www.thevineltd.com/"
"28","TIRE-BOUCHON","東京都港区南麻布5-15-14 有栖川マンション501","03-6455-7838","","images/importers/","",""
"29","VAI & COMPANY LTD.","大阪府豊中市宮山町1丁目7番地5号","","","images/importers/","vai_and_company.jpg","http://www.vaiandco.com/"
"30","VILLAGE CELLARS","6-5 Ueno Uwada, Himi, Toyama, Japan 935-0056","0766-72-8680","","images/importers/","village_cellars.jpg","http://www.village-cellars.co.jp/"
"31","VIN CROSS","〒150-0012 東京都渋谷区広尾5-23-5長谷部第1ビル5F","03-6450-3687","","images/importers/","vin-x.png","http://www.vin-x.jp"
"32","VIN PASSION","〒105-0011　東京都港区芝公園3-1-1　美濃富ビル6F","03-6402-5505","","images/importers/","vin_passion.jpg","http://www.vinpassionco.com"
"33","VINORUM","〒104-0061 東京都中央区銀座1-15-4 10F","03-3562-1616","","images/importers/","vinorum.png","http://vinorum.jp"
"34","VINTNERS INC.","〒105-0001 東京都港区虎ノ門3丁目18-19虎ノ門マリンビル5Ｆ","03-5405-8368","","images/importers/","vintners.jpg","http://www.vintners.co.jp"
"35","VIVIT","〒104-0045 東京都中央区築地2-7-2　山京ビル10F","03-6264-1277","info@vivit2012.co.jp","images/importers/","vivit.jpg","http://vivit2012.co.jp/index.html"
"36","WINE WAVE INC.","〒542-0066 大阪市中央区瓦屋町1-12-17","06-6766-0260","info@wine-wave.com","images/importers/","wine_wave.jpg","http://wine-wave.com"
